selector	unit	baseline_cur	baseline_max	baseline_ledger_class	pdb_nonmatch_channels	addressed_diff	batch_action
??$?GG@network_core@vostok@@YAHABV?$sequence_number@G@01@0@Z	vostok/network_core/sequence_number_inline.h	100	100	MATCH	statement_structure:MISMATCH;statement_line_geometry:MISMATCH	projected_match	Unchanged control; rerun whole-scope comparison. Existing residuals are not closed by this audit.
??$call_predicate@Vprocess_packet_predicate@network_core@vostok@@@udp_match_connection@network_core@vostok@@AAEXABVprocess_packet_predicate@12@AAVpacket_reader@12@@Z	vostok/network_core/udp_match_connection_inline.h	99.6352	99.6352	MATCH	statement_structure:MISMATCH;statement_line_geometry:MISMATCH	projected_match	Unchanged control; rerun whole-scope comparison. Existing residuals are not closed by this audit.
??$on_packet_size_received@E@?$tcp_packet_socket@V?$basic_stream_socket@Vtcp@ip@asio@boost@@V?$stream_socket_service@Vtcp@ip@asio@boost@@@34@@asio@boost@@@network_core@vostok@@AAEXABVerror_code@system@boost@@I@Z	vostok/network_core/tcp_packet_socket_inline.h	94.0141	94.0141	SIZE	statement_structure:MISMATCH;statement_line_geometry:MISMATCH	SIZE +0x2a;SIZE +0x26	Unchanged control; rerun whole-scope comparison. Existing residuals are not closed by this audit.
??$on_packet_size_received@G@?$tcp_packet_socket@V?$basic_stream_socket@Vtcp@ip@asio@boost@@V?$stream_socket_service@Vtcp@ip@asio@boost@@@34@@asio@boost@@@network_core@vostok@@AAEXABVerror_code@system@boost@@I@Z	vostok/network_core/tcp_packet_socket_inline.h	94.0141	94.0141	SIZE	statement_structure:MISMATCH;statement_line_geometry:MISMATCH	SIZE +0x2a;SIZE +0x26	Unchanged control; rerun whole-scope comparison. Existing residuals are not closed by this audit.
??$process_incoming_packet@Vprocess_packet_predicate@network_core@vostok@@@udp_match_connection@network_core@vostok@@QAEXAAVpacket_reader@12@ABVprocess_packet_predicate@12@@Z	vostok/network_core/udp_match_connection_inline.h	99.7792	99.7792	MATCH	statement_structure:MISMATCH;statement_line_geometry:MISMATCH	BASE_ONLY;TRGT_ONLY	Unchanged control; rerun whole-scope comparison. Existing residuals are not closed by this audit.
??$r@G@packet_reader@network_core@vostok@@QAEGXZ	vostok/network_core/packet_reader_inline.h	100	100	MATCH	none_reported	not_flagged_for_addressed_diff	Unchanged control; rerun whole-scope comparison. Existing residuals are not closed by this audit.
??$r@I@packet_reader@network_core@vostok@@QAEIXZ	vostok/network_core/packet_reader_inline.h	100	100	MATCH	none_reported	not_flagged_for_addressed_diff	Unchanged control; rerun whole-scope comparison. Existing residuals are not closed by this audit.
??$r@M@packet_reader@network_core@vostok@@QAEMXZ	vostok/network_core/packet_reader_inline.h	100	100	MATCH	none_reported	not_flagged_for_addressed_diff	Unchanged control; rerun whole-scope comparison. Existing residuals are not closed by this audit.
??$r@Vfloat3@math@vostok@@@packet_reader@network_core@vostok@@QAE?AVfloat3@math@2@XZ	vostok/network_core/packet_reader_inline.h	100	100	MATCH	none_reported	not_flagged_for_addressed_diff	Unchanged control; rerun whole-scope comparison. Existing residuals are not closed by this audit.
??$r@_N@packet_reader@network_core@vostok@@QAE_NXZ	vostok/network_core/packet_reader_inline.h	100	100	MATCH	identity:AMBIGUOUS	not_flagged_for_addressed_diff	Unchanged control; rerun whole-scope comparison. Existing residuals are not closed by this audit.
??$r_string@$0BA@@packet_reader@network_core@vostok@@QAEPADAAY0BA@D@Z	vostok/network_core/packet_reader_inline.h	100	100	MATCH	none_reported	not_flagged_for_addressed_diff	Unchanged control; rerun whole-scope comparison. Existing residuals are not closed by this audit.
??0?$packet@Vudp_match_packet@network_core@vostok@@@network_core@vostok@@QAE@XZ	vostok/network_core/packet_inline.h	-	-	-	presence:TARGET_ONLY	not_flagged_for_addressed_diff	Unchanged control; rerun whole-scope comparison. Existing residuals are not closed by this audit.
??0async_connector@network_core@vostok@@QAE@XZ	vostok/network_core/sources/async_connector.cpp	92.0882	92.0882	MATCH	none_reported	not_flagged_for_addressed_diff	Unchanged control; rerun whole-scope comparison. Existing residuals are not closed by this audit.
??0channel@udp_match_connection@network_core@vostok@@QAE@XZ	vostok/network_core/udp_match_connection.h	100	100	MATCH	none_reported	not_flagged_for_addressed_diff	Unchanged control; rerun whole-scope comparison. Existing residuals are not closed by this audit.
??0handler_allocator@network_core@vostok@@QAE@XZ	vostok/network_core/handler_allocator.h	-	-	-	presence:TARGET_ONLY	not_flagged_for_addressed_diff	Unchanged control; rerun whole-scope comparison. Existing residuals are not closed by this audit.
??0http_client@network@vostok@@QAE@AAUworld@12@@Z	vostok/network/sources/http_client.cpp	100	100	MATCH	none_reported	not_flagged_for_addressed_diff	Unchanged control; rerun whole-scope comparison. Existing residuals are not closed by this audit.
??0http_client@network_core@vostok@@QAE@AAVio_service@asio@boost@@@Z	vostok/network_core/sources/http_client.cpp	100	100	MATCH	none_reported	not_flagged_for_addressed_diff	Unchanged control; rerun whole-scope comparison. Existing residuals are not closed by this audit.
??0login_client@network@vostok@@QAE@AAUworld@12@@Z	vostok/network/sources/login_client.cpp	76.7736	80.0755	SIZE	statement_structure:MISMATCH;statement_line_geometry:MISMATCH	SIZE +0x39	Unchanged control; rerun whole-scope comparison. Existing residuals are not closed by this audit.
??0login_client_impl@network@vostok@@QAE@AAVio_service@asio@boost@@@Z	vostok/network/sources/login_client_impl.cpp	100	100	MATCH	none_reported	not_flagged_for_addressed_diff	Unchanged control; rerun whole-scope comparison. Existing residuals are not closed by this audit.
??0match_client@network@vostok@@QAE@AAUworld@12@AAUudp_match_packets_orderer@network_core@2@PBUudp_network_flow_emulator_options@52@@Z	vostok/network/sources/match_client.cpp	93.5885	93.5885	MATCH	none_reported	not_flagged_for_addressed_diff	Unchanged control; rerun whole-scope comparison. Existing residuals are not closed by this audit.
??0match_client_impl@network@vostok@@QAE@AAVio_service@asio@boost@@AAUudp_match_packets_orderer@network_core@2@PBUudp_network_flow_emulator_options@72@@Z	vostok/network/sources/match_client_impl.cpp	92.6739	92.6739	SIZE	statement_structure:MISMATCH	SIZE +0x6	Unchanged control; rerun whole-scope comparison. Existing residuals are not closed by this audit.
??0network_world@network@vostok@@QAE@AAUengine@12@AAVbase_allocator@memory@2@@Z	vostok/network/sources/network_world.cpp	100	100	MATCH	none_reported	not_flagged_for_addressed_diff	Unchanged control; rerun whole-scope comparison. Existing residuals are not closed by this audit.
??0order@network@vostok@@QAE@XZ	vostok/network_core/http_client.h	100	100	MATCH	location:MISMATCH	not_flagged_for_addressed_diff	Unchanged control; rerun whole-scope comparison. Existing residuals are not closed by this audit.
??0string_order@network@vostok@@QAE@AAVbase_allocator@memory@2@ABV?$function@$$A6AXPBD00@Z@boost@@QBD22@Z	vostok/network/sources/string_order.h	99.7679	99.7679	MATCH	none_reported	not_flagged_for_addressed_diff	Unchanged control; rerun whole-scope comparison. Existing residuals are not closed by this audit.
??0string_order@network@vostok@@QAE@AAVbase_allocator@memory@2@ABV?$function@$$A6AXPBD0@Z@boost@@QBD2@Z	vostok/network/sources/string_order.h	99.7451	99.7451	MATCH	none_reported	not_flagged_for_addressed_diff	Unchanged control; rerun whole-scope comparison. Existing residuals are not closed by this audit.
??0string_order@network@vostok@@QAE@AAVbase_allocator@memory@2@ABV?$function@$$A6AXPBD@Z@boost@@QBD@Z	vostok/network/sources/string_order.h	99.6977	99.6977	MATCH	none_reported	not_flagged_for_addressed_diff	Unchanged control; rerun whole-scope comparison. Existing residuals are not closed by this audit.
??0string_response@network@vostok@@QAE@AAVbase_allocator@memory@2@ABV?$function@$$A6AXPBD@Z@boost@@QBD@Z	vostok/network/sources/string_response.h	99.6977	99.6977	MATCH	none_reported	not_flagged_for_addressed_diff	Unchanged control; rerun whole-scope comparison. Existing residuals are not closed by this audit.
??0tcp_packet@network_core@vostok@@QAE@AAVbase_allocator@memory@2@@Z	vostok/network_core/tcp_packet_inline.h	100	100	MATCH	none_reported	not_flagged_for_addressed_diff	Unchanged control; rerun whole-scope comparison. Existing residuals are not closed by this audit.
??0tcp_packet_client@network@vostok@@QAE@AAUworld@12@@Z	vostok/network/sources/tcp_packet_client.cpp	95.5102	95.5102	MATCH	none_reported	not_flagged_for_addressed_diff	Unchanged control; rerun whole-scope comparison. Existing residuals are not closed by this audit.
??0tcp_packet_client@network_core@vostok@@QAE@AAVio_service@asio@boost@@@Z	vostok/network_core/sources/tcp_packet_client.cpp	66.0227	66.0227	SIZE	statement_structure:MISMATCH	SIZE +0x1b	Unchanged control; rerun whole-scope comparison. Existing residuals are not closed by this audit.
??0udp_match_client@network_core@vostok@@QAE@AAVio_service@asio@boost@@AAV?$single_size_buffer_allocator@$0BCM@Vsingle_threading_policy@threading@vostok@@@memory@2@AAUudp_match_packets_orderer@12@PAVudp_network_flow_emulator@12@@Z	vostok/network_core/sources/udp_match_client.cpp	97.4684	97.4684	MATCH	none_reported	not_flagged_for_addressed_diff	Unchanged control; rerun whole-scope comparison. Existing residuals are not closed by this audit.
??0udp_match_connection@network_core@vostok@@QAE@AAV?$basic_datagram_socket@Vudp@ip@asio@boost@@V?$datagram_socket_service@Vudp@ip@asio@boost@@@34@@asio@boost@@ABV?$basic_endpoint@Vudp@ip@asio@boost@@@ip@45@AAV?$single_size_buffer_allocator@$0BCM@Vsingle_threading_policy@threading@vostok@@@memory@2@AAUudp_match_packets_orderer@12@IIIPBD@Z	vostok/network_core/sources/udp_match_connection.cpp	94.9111	94.9111	MATCH	none_reported	not_flagged_for_addressed_diff	Unchanged control; rerun whole-scope comparison. Existing residuals are not closed by this audit.
??0udp_match_packet@network_core@vostok@@AAE@XZ	vostok/network_core/udp_match_packet.h	84.9831	84.9831	MATCH	none_reported	not_flagged_for_addressed_diff	Unchanged control; rerun whole-scope comparison. Existing residuals are not closed by this audit.
??0udp_match_packets_allocator@network_core@vostok@@QAE@AAVbase_allocator@memory@2@PAXI@Z	vostok/network_core/udp_match_packets_allocator.h	100	100	MATCH	none_reported	not_flagged_for_addressed_diff	Unchanged control; rerun whole-scope comparison. Existing residuals are not closed by this audit.
??0udp_match_stats@network_core@vostok@@QAE@XZ	vostok/network_core/udp_match_stats.h	100	100	MATCH	none_reported	not_flagged_for_addressed_diff	Unchanged control; rerun whole-scope comparison. Existing residuals are not closed by this audit.
??0udp_network_flow_emulator@network_core@vostok@@QAE@AAVbase_allocator@memory@2@AAV?$single_size_buffer_allocator@$0BCM@Vsingle_threading_policy@threading@vostok@@@42@ABUudp_network_flow_emulator_options@12@@Z	vostok/network_core/sources/udp_network_flow_emulator.cpp	88.3276	88.3276	MATCH	none_reported	not_flagged_for_addressed_diff	Pass allocator reference through existing allocator-value vectora overload; test5B excess, all7TU controls.
??1?$one_way_threads_channel@V?$intrusive_spsc_queue@Vorder@network@vostok@@V123@$03@vostok@@V12@@vostok@@QAE@XZ	vostok/network_core/base_packet.h	100	100	MATCH	identity:AMBIGUOUS	not_flagged_for_addressed_diff	Unchanged control; rerun whole-scope comparison. Existing residuals are not closed by this audit.
??1channel@udp_match_connection@network_core@vostok@@QAE@XZ	vostok/network_core/udp_match_connection.h	100	100	MATCH	none_reported	not_flagged_for_addressed_diff	Unchanged control; rerun whole-scope comparison. Existing residuals are not closed by this audit.
??1client_destroyer@@UAE@XZ	vostok/network/sources/match_client.cpp	99.8049	99.8049	MATCH	none_reported	not_flagged_for_addressed_diff	Unchanged control; rerun whole-scope comparison. Existing residuals are not closed by this audit.
??1connect_order@network@vostok@@UAE@XZ	vostok/network/sources/connect_order.h	80.2143	80.2143	SIZE	statement_structure:MISMATCH;statement_line_geometry:MISMATCH	SIZE +0xd	Unchanged control; rerun whole-scope comparison. Existing residuals are not closed by this audit.
??1enqueue_order@network@vostok@@UAE@XZ	vostok/network/sources/enqueue_order.h	82.8269	82.8269	SIZE	statement_structure:MISMATCH;statement_line_geometry:MISMATCH	SIZE +0xe	Unchanged control; rerun whole-scope comparison. Existing residuals are not closed by this audit.
??1http_client@network@vostok@@QAE@XZ	vostok/network/sources/http_client.cpp	99.7872	99.7872	MATCH	statement_line_geometry:MISMATCH	not_flagged_for_addressed_diff	Unchanged control; rerun whole-scope comparison. Existing residuals are not closed by this audit.
??1login_client@network@vostok@@QAE@XZ	vostok/network/sources/login_client.cpp	97.3804	99.7717	MATCH	none_reported	not_flagged_for_addressed_diff	Unchanged control; rerun whole-scope comparison. Existing residuals are not closed by this audit.
??1login_client_impl@network@vostok@@QAE@XZ	vostok/network/sources/login_client_impl.cpp	94.9468	100	SIZE	statement_structure:MISMATCH;statement_line_geometry:MISMATCH	SIZE +0x3;SIZE +0x3	Unchanged control; rerun whole-scope comparison. Existing residuals are not closed by this audit.
??1match_client@network@vostok@@QAE@XZ	vostok/network/sources/match_client.cpp	78.6989	78.6989	SIZE	statement_structure:MISMATCH	SIZE +0x29;SIZE +0x2e;SIZE +0x3	Unchanged control; rerun whole-scope comparison. Existing residuals are not closed by this audit.
??1match_client_impl@network@vostok@@QAE@XZ	vostok/network/sources/match_client_impl.cpp	93.3333	93.3333	MATCH	none_reported	not_flagged_for_addressed_diff	Unchanged control; rerun whole-scope comparison. Existing residuals are not closed by this audit.
??1network_world@network@vostok@@UAE@XZ	vostok/network/sources/network_world.cpp	100	100	MATCH	none_reported	not_flagged_for_addressed_diff	Unchanged control; rerun whole-scope comparison. Existing residuals are not closed by this audit.
??1receive_response@network@vostok@@UAE@XZ	vostok/network/sources/receive_response.h	100	100	MATCH	none_reported	not_flagged_for_addressed_diff	Unchanged control; rerun whole-scope comparison. Existing residuals are not closed by this audit.
??1receive_udp_response@network@vostok@@UAE@XZ	vostok/network/sources/receive_udp_response.h	74.8788	74.8788	SIZE	statement_structure:MISMATCH	SIZE +0xe	Unchanged control; rerun whole-scope comparison. Existing residuals are not closed by this audit.
??1send_order@network@vostok@@UAE@XZ	vostok/network/sources/send_order.h	100	100	MATCH	none_reported	not_flagged_for_addressed_diff	Unchanged control; rerun whole-scope comparison. Existing residuals are not closed by this audit.
??1send_queued_order@network@vostok@@UAE@XZ	vostok/network/sources/send_queued_order.h	100	100	MATCH	none_reported	not_flagged_for_addressed_diff	Unchanged control; rerun whole-scope comparison. Existing residuals are not closed by this audit.
??1string_order@network@vostok@@UAE@XZ	vostok/network/sources/string_order.h	100	100	MATCH	none_reported	not_flagged_for_addressed_diff	Unchanged control; rerun whole-scope comparison. Existing residuals are not closed by this audit.
??1string_response@network@vostok@@UAE@XZ	vostok/network/sources/string_response.h	100	100	MATCH	none_reported	not_flagged_for_addressed_diff	Unchanged control; rerun whole-scope comparison. Existing residuals are not closed by this audit.
??1tcp_packet@network_core@vostok@@QAE@XZ	vostok/network_core/tcp_packet_inline.h	100	100	MATCH	none_reported	not_flagged_for_addressed_diff	Unchanged control; rerun whole-scope comparison. Existing residuals are not closed by this audit.
??1tcp_packet_client@network@vostok@@QAE@XZ	vostok/network/sources/tcp_packet_client.cpp	100	100	MATCH	none_reported	not_flagged_for_addressed_diff	Unchanged control; rerun whole-scope comparison. Existing residuals are not closed by this audit.
??1tcp_packet_client@network_core@vostok@@QAE@XZ	vostok/network_core/sources/tcp_packet_client.cpp	100	100	MATCH	none_reported	not_flagged_for_addressed_diff	Unchanged control; rerun whole-scope comparison. Existing residuals are not closed by this audit.
??1udp_match_connection@network_core@vostok@@QAE@XZ	vostok/network_core/sources/udp_match_connection.cpp	100	100	MATCH	none_reported	not_flagged_for_addressed_diff	Unchanged control; rerun whole-scope comparison. Existing residuals are not closed by this audit.
??1udp_network_flow_emulator@network_core@vostok@@QAE@XZ	vostok/network_core/sources/udp_network_flow_emulator.cpp	99.7073	99.7073	MATCH	none_reported	not_flagged_for_addressed_diff	Unchanged control; rerun whole-scope comparison. Existing residuals are not closed by this audit.
??Gnetwork_core@vostok@@YA?AUudp_match_stats@01@ABU201@0@Z	vostok/network_core/udp_match_stats.h	100	100	MATCH	none_reported	not_flagged_for_addressed_diff	Unchanged control; rerun whole-scope comparison. Existing residuals are not closed by this audit.
??M?$sequence_number@G@network_core@vostok@@QBE_NABV012@@Z	vostok/network_core/sequence_number_inline.h	100	100	MATCH	none_reported	not_flagged_for_addressed_diff	Unchanged control; rerun whole-scope comparison. Existing residuals are not closed by this audit.
??N?$sequence_number@G@network_core@vostok@@QBE_NABV012@@Z	vostok/network_core/sequence_number_inline.h	100	100	MATCH	none_reported	not_flagged_for_addressed_diff	Unchanged control; rerun whole-scope comparison. Existing residuals are not closed by this audit.
??Pnetwork_core@vostok@@YA_NABUudp_match_stats@01@0@Z	vostok/network_core/udp_match_stats.h	94.5455	94.5455	SIZE	statement_structure:MISMATCH	SIZE -0xd	Restore final constant-true conjunct observed as mov1/test/je; test13B excess and branch reach.
??Pnetwork_core@vostok@@YA_NABUudp_match_stream_stats@01@0@Z	vostok/network_core/udp_match_stats.h	100	100	MATCH	none_reported	not_flagged_for_addressed_diff	Unchanged control; rerun whole-scope comparison. Existing residuals are not closed by this audit.
??Rdelayed_packets_predicate@@QBE_NABU?$pair@PAVudp_match_packet@network_core@vostok@@V?$basic_endpoint@Vudp@ip@asio@boost@@@ip@asio@boost@@@stlp_std@@@Z	vostok/network_core/sources/udp_network_flow_emulator.cpp	100	100	MATCH	none_reported	not_flagged_for_addressed_diff	Unchanged control; rerun whole-scope comparison. Existing residuals are not closed by this audit.
??_Gclient_destroyer@@UAEPAXI@Z	vostok/network/sources/match_client.cpp	96.2353	96.2353	MATCH	location:MISMATCH	not_flagged_for_addressed_diff	Unchanged control; rerun whole-scope comparison. Existing residuals are not closed by this audit.
??_Gconnect_order@network@vostok@@UAEPAXI@Z	vostok/network/sources/connect_order.h	99.7059	99.7059	MATCH	none_reported	not_flagged_for_addressed_diff	Unchanged control; rerun whole-scope comparison. Existing residuals are not closed by this audit.
??_Genqueue_order@network@vostok@@UAEPAXI@Z	vostok/network/sources/enqueue_order.h	99.7059	99.7059	MATCH	none_reported	not_flagged_for_addressed_diff	Unchanged control; rerun whole-scope comparison. Existing residuals are not closed by this audit.
??_Gfunctor_order@network@vostok@@UAEPAXI@Z	vostok/network_core/http_client.h	100	100	MATCH	location:MISMATCH	not_flagged_for_addressed_diff	Unchanged control; rerun whole-scope comparison. Existing residuals are not closed by this audit.
??_Gfunctor_response@network@vostok@@UAEPAXI@Z	vostok/network/sources/string_order.h	100	100	MATCH	location:MISMATCH	not_flagged_for_addressed_diff	Unchanged control; rerun whole-scope comparison. Existing residuals are not closed by this audit.
??_Gnetwork_world@network@vostok@@UAEPAXI@Z	vostok/network_core/tcp_packet_inline.h	100	100	MATCH	none_reported	not_flagged_for_addressed_diff	Unchanged control; rerun whole-scope comparison. Existing residuals are not closed by this audit.
??_Gorder@network@vostok@@UAEPAXI@Z	vostok/network_core/http_client.h	100	100	MATCH	location:MISMATCH	not_flagged_for_addressed_diff	Unchanged control; rerun whole-scope comparison. Existing residuals are not closed by this audit.
??_Greceive_response@network@vostok@@UAEPAXI@Z	vostok/network/sources/receive_response.h	100	100	MATCH	none_reported	not_flagged_for_addressed_diff	Unchanged control; rerun whole-scope comparison. Existing residuals are not closed by this audit.
??_Greceive_udp_response@network@vostok@@UAEPAXI@Z	vostok/network/sources/receive_udp_response.h	99.7059	99.7059	MATCH	none_reported	not_flagged_for_addressed_diff	Unchanged control; rerun whole-scope comparison. Existing residuals are not closed by this audit.
??_Gresponse@network@vostok@@UAEPAXI@Z	vostok/network_core/http_client.h	100	100	MATCH	location:MISMATCH	not_flagged_for_addressed_diff	Unchanged control; rerun whole-scope comparison. Existing residuals are not closed by this audit.
??_Gsend_order@network@vostok@@UAEPAXI@Z	vostok/network/sources/send_order.h	100	100	MATCH	none_reported	not_flagged_for_addressed_diff	Unchanged control; rerun whole-scope comparison. Existing residuals are not closed by this audit.
??_Gsend_queued_order@network@vostok@@UAEPAXI@Z	vostok/network/sources/send_queued_order.h	100	100	MATCH	none_reported	not_flagged_for_addressed_diff	Unchanged control; rerun whole-scope comparison. Existing residuals are not closed by this audit.
??_Gstring_order@network@vostok@@UAEPAXI@Z	vostok/network/sources/string_order.h	100	100	MATCH	none_reported	not_flagged_for_addressed_diff	Unchanged control; rerun whole-scope comparison. Existing residuals are not closed by this audit.
??_Gstring_response@network@vostok@@UAEPAXI@Z	vostok/network/sources/string_order.h	100	100	MATCH	location:MISMATCH	not_flagged_for_addressed_diff	Unchanged control; rerun whole-scope comparison. Existing residuals are not closed by this audit.
?account_name@login_client@network@vostok@@QBEPBDXZ	vostok/network/sources/login_client.cpp	100	100	MATCH	none_reported	not_flagged_for_addressed_diff	Unchanged control; rerun whole-scope comparison. Existing residuals are not closed by this audit.
?account_password@login_client@network@vostok@@QBEPBDXZ	vostok/network/sources/login_client.cpp	100	100	MATCH	none_reported	not_flagged_for_addressed_diff	Unchanged control; rerun whole-scope comparison. Existing residuals are not closed by this audit.
?add_order@network_world@network@vostok@@QAEXPAVorder@23@@Z	vostok/network/sources/network_world.cpp	100	100	MATCH	none_reported	not_flagged_for_addressed_diff	Unchanged control; rerun whole-scope comparison. Existing residuals are not closed by this audit.
?add_packet@udp_network_flow_emulator@network_core@vostok@@AAEXPAEIABV?$basic_endpoint@Vudp@ip@asio@boost@@@ip@asio@boost@@II@Z	vostok/network_core/sources/udp_network_flow_emulator.cpp	99.7264	99.7264	MATCH	statement_structure:MISMATCH;statement_line_geometry:MISMATCH	projected_match	Unchanged control; rerun whole-scope comparison. Existing residuals are not closed by this audit.
?add_response@network_world@network@vostok@@QAEXPAVresponse@23@@Z	vostok/network/sources/network_world.cpp	100	100	MATCH	none_reported	not_flagged_for_addressed_diff	Unchanged control; rerun whole-scope comparison. Existing residuals are not closed by this audit.
?add_result_content@http_client@network_core@vostok@@AAE_NXZ	vostok/network_core/sources/http_client.cpp	100	100	MATCH	statement_structure:MISMATCH;statement_line_geometry:MISMATCH	projected_match	Unchanged control; rerun whole-scope comparison. Existing residuals are not closed by this audit.
?advance@packet_reader@network_core@vostok@@QAEXI@Z	vostok/network_core/packet_reader_inline.h	100	100	MATCH	none_reported	not_flagged_for_addressed_diff	Unchanged control; rerun whole-scope comparison. Existing residuals are not closed by this audit.
?append@?$packet@Vtcp_packet@network_core@vostok@@@network_core@vostok@@QAEXPBXI@Z	vostok/network_core/packet_inline.h	100	100	MATCH	none_reported	not_flagged_for_addressed_diff	Unchanged control; rerun whole-scope comparison. Existing residuals are not closed by this audit.
?append@?$packet@Vudp_match_packet@network_core@vostok@@@network_core@vostok@@QAEXABVfloat2@math@3@@Z	vostok/network_core/packet_inline.h	-	-	-	presence:TARGET_ONLY	not_flagged_for_addressed_diff	Unchanged control; rerun whole-scope comparison. Existing residuals are not closed by this audit.
?append@?$packet@Vudp_match_packet@network_core@vostok@@@network_core@vostok@@QAEXABVfloat3@math@3@@Z	vostok/network_core/packet_inline.h	-	-	-	presence:TARGET_ONLY	not_flagged_for_addressed_diff	Unchanged control; rerun whole-scope comparison. Existing residuals are not closed by this audit.
?append@?$packet@Vudp_match_packet@network_core@vostok@@@network_core@vostok@@QAEXG@Z	vostok/network_core/packet_inline.h	-	-	-	presence:TARGET_ONLY	not_flagged_for_addressed_diff	Unchanged control; rerun whole-scope comparison. Existing residuals are not closed by this audit.
?append@?$packet@Vudp_match_packet@network_core@vostok@@@network_core@vostok@@QAEXI@Z	vostok/network_core/packet_inline.h	100	100	MATCH	none_reported	not_flagged_for_addressed_diff	Unchanged control; rerun whole-scope comparison. Existing residuals are not closed by this audit.
?append@?$packet@Vudp_match_packet@network_core@vostok@@@network_core@vostok@@QAEXPBXI@Z	vostok/network_core/packet_inline.h	100	100	MATCH	none_reported	not_flagged_for_addressed_diff	Unchanged control; rerun whole-scope comparison. Existing residuals are not closed by this audit.
?append@?$packet@Vudp_match_packet@network_core@vostok@@@network_core@vostok@@QAEX_N@Z	vostok/network_core/packet_inline.h	-	-	-	presence:TARGET_ONLY	not_flagged_for_addressed_diff	Unchanged control; rerun whole-scope comparison. Existing residuals are not closed by this audit.
?buffer_to_receive_into@network_core@vostok@@YA?AVmutable_buffers_1@asio@boost@@AAVtcp_packet@12@@Z	vostok/network_core/sources/tcp_packet.cpp	94.72	94.72	SIZE	statement_structure:MISMATCH	SIZE +0x3	Unchanged control; rerun whole-scope comparison. Existing residuals are not closed by this audit.
?buffer_to_send@network_core@vostok@@YA?AVconst_buffers_1@asio@boost@@AAVtcp_packet@12@@Z	vostok/network_core/sources/tcp_packet.cpp	95.4098	95.4098	SIZE	statement_structure:MISMATCH	SIZE +0x3	Unchanged control; rerun whole-scope comparison. Existing residuals are not closed by this audit.
?call_destructor@helper@udp_match_packet@network_core@vostok@@CAXAAV234@@Z	vostok/network_core/udp_match_packet.h	100	100	MATCH	none_reported	not_flagged_for_addressed_diff	Unchanged control; rerun whole-scope comparison. Existing residuals are not closed by this audit.
?check_consistency@udp_match_client@network_core@vostok@@QBEXXZ	vostok/network_core/sources/udp_match_client.cpp	99.9444	99.9444	MATCH	none_reported	not_flagged_for_addressed_diff	Unchanged control; rerun whole-scope comparison. Existing residuals are not closed by this audit.
?clear_resources@network_world@network@vostok@@UAEXXZ	vostok/network/sources/network_world.cpp	100	100	MATCH	none_reported	not_flagged_for_addressed_diff	Unchanged control; rerun whole-scope comparison. Existing residuals are not closed by this audit.
?clone_packet@match_client_impl@network@vostok@@QAEPAVudp_match_packet@network_core@3@ABV453@@Z	vostok/network/sources/match_client_impl.cpp	93.6842	93.6842	SIZE	statement_structure:MISMATCH	SIZE -0xd	Unchanged control; rerun whole-scope comparison. Existing residuals are not closed by this audit.
?close_connection@http_client@network_core@vostok@@AAEXXZ	vostok/network_core/sources/http_client.cpp	100	100	MATCH	none_reported	not_flagged_for_addressed_diff	Unchanged control; rerun whole-scope comparison. Existing residuals are not closed by this audit.
?close_connection@login_client_impl@network@vostok@@AAEX_N@Z	vostok/network/sources/login_client_impl.cpp	99.9891	100	MATCH	statement_line_geometry:MISMATCH	not_flagged_for_addressed_diff	Unchanged control; rerun whole-scope comparison. Existing residuals are not closed by this audit.
?close_connection@tcp_packet_client@network_core@vostok@@AAEXXZ	vostok/network_core/sources/tcp_packet_client.cpp	100	100	MATCH	statement_structure:MISMATCH;statement_line_geometry:MISMATCH	projected_match	Unchanged control; rerun whole-scope comparison. Existing residuals are not closed by this audit.
?connect@async_connector@network_core@vostok@@AAEXABV?$basic_resolver_iterator@Vtcp@ip@asio@boost@@@ip@asio@boost@@@Z	vostok/network_core/sources/async_connector.cpp	100	100	MATCH	statement_line_geometry:MISMATCH	not_flagged_for_addressed_diff	Unchanged control; rerun whole-scope comparison. Existing residuals are not closed by this audit.
?connect@async_connector@network_core@vostok@@QAEXAAV?$basic_stream_socket@Vtcp@ip@asio@boost@@V?$stream_socket_service@Vtcp@ip@asio@boost@@@34@@asio@boost@@PBDGABV?$function@$$A6AXXZ@6@ABV?$function@$$A6AXW4client_error_codes_enum@network_core@vostok@@Verror_code@system@boost@@@Z@6@@Z	vostok/network_core/sources/async_connector.cpp	93.4689	93.4689	SIZE	statement_structure:MISMATCH;statement_line_geometry:MISMATCH	SIZE +0x26	Unchanged control; rerun whole-scope comparison. Existing residuals are not closed by this audit.
?connect@login_client_impl@network@vostok@@AAEXW4resolve_error_types_enum@3@V?$basic_resolver_iterator@Vtcp@ip@asio@boost@@@ip@asio@boost@@IABV?$function@$$A6AXW4connection_error_types_enum@vostok@@@Z@8@@Z	vostok/network/sources/login_client_impl_connect.cpp	97.9613	97.9613	SIZE	statement_structure:MISMATCH;statement_line_geometry:MISMATCH	SIZE +0x4	Unchanged control; rerun whole-scope comparison. Existing residuals are not closed by this audit.
?connect@match_client@network@vostok@@QAEXPBDGIPAVudp_match_packet@network_core@3@ABV?$function@$$A6AXW4connection_error_types_enum@vostok@@W4handshaking_error_types_enum@2@W4socket_error_types_enum@2@W4lobby_server_message_types_enum@2@@Z@boost@@@Z	vostok/network/sources/match_client.cpp	68.8165	68.8165	SIZE	statement_structure:MISMATCH	SIZE +0x20;SIZE -0x31	Unchanged control; rerun whole-scope comparison. Existing residuals are not closed by this audit.
?connect@match_client_impl@network@vostok@@QAEXPBDGIPBVudp_match_packet@network_core@3@ABV?$function@$$A6AXW4connection_error_types_enum@vostok@@W4handshaking_error_types_enum@2@W4socket_error_types_enum@2@W4lobby_server_message_types_enum@2@@Z@boost@@@Z	vostok/network/sources/match_client_impl.cpp	65.3333	65.3333	SIZE	statement_structure:MISMATCH	SIZE +0x22	Unchanged control; rerun whole-scope comparison. Existing residuals are not closed by this audit.
?connect@tcp_packet_client@network@vostok@@QAEXPBDG@Z	vostok/network/sources/tcp_packet_client.cpp	100	100	MATCH	none_reported	not_flagged_for_addressed_diff	Unchanged control; rerun whole-scope comparison. Existing residuals are not closed by this audit.
?connect@tcp_packet_client@network_core@vostok@@QAEXPBDG@Z	vostok/network_core/sources/tcp_packet_client.cpp	100	100	MATCH	none_reported	not_flagged_for_addressed_diff	Unchanged control; rerun whole-scope comparison. Existing residuals are not closed by this audit.
?connect@udp_match_client@network_core@vostok@@QAEXPBDGPAVudp_match_packet@23@I@Z	vostok/network_core/sources/udp_match_client.cpp	100	100	MATCH	statement_structure:MISMATCH;statement_line_geometry:MISMATCH	projected_match	Unchanged control; rerun whole-scope comparison. Existing residuals are not closed by this audit.
?connect@udp_match_connection@network_core@vostok@@QAEXPAVudp_match_packet@23@@Z	vostok/network_core/sources/udp_match_connection.cpp	100	100	MATCH	statement_structure:MISMATCH;statement_line_geometry:MISMATCH	projected_match	Unchanged control; rerun whole-scope comparison. Existing residuals are not closed by this audit.
?connect_impl@tcp_packet_client@network@vostok@@AAEXPBDG@Z	vostok/network/sources/tcp_packet_client.cpp	100	100	MATCH	none_reported	not_flagged_for_addressed_diff	Unchanged control; rerun whole-scope comparison. Existing residuals are not closed by this audit.
?construct_packet@udp_match_connection@network_core@vostok@@SAXAAUudp_match_packets_orderer@23@AAVudp_match_packet@23@E@Z	vostok/network_core/udp_match_connection_inline.h	80.6479	80.6479	SIZE	statement_structure:MISMATCH	SIZE +0xb;SIZE -0x2;BASE_ONLY;TRGT_ONLY;SIZE -0x1;SIZE +0x5	Unchanged control; rerun whole-scope comparison. Existing residuals are not closed by this audit.
?create_client@login_client@network@vostok@@AAEXXZ	vostok/network/sources/login_client.cpp	99.85	99.85	MATCH	none_reported	not_flagged_for_addressed_diff	Unchanged control; rerun whole-scope comparison. Existing residuals are not closed by this audit.
?create_client@match_client@network@vostok@@AAEXPBUudp_network_flow_emulator_options@network_core@3@@Z	vostok/network/sources/match_client.cpp	97.0775	97.0775	SIZE	statement_structure:MISMATCH;statement_line_geometry:MISMATCH	SIZE +0x7	Unchanged control; rerun whole-scope comparison. Existing residuals are not closed by this audit.
?create_client@tcp_packet_client@network@vostok@@AAEXXZ	vostok/network/sources/tcp_packet_client.cpp	93.3353	93.3353	SIZE	statement_structure:MISMATCH	SIZE +0x26	Unchanged control; rerun whole-scope comparison. Existing residuals are not closed by this audit.
?create_client_impl@http_client@network@vostok@@AAEXXZ	vostok/network/sources/http_client.cpp	87.8824	87.8824	SIZE	statement_structure:MISMATCH	SIZE +0x11	Unchanged control; rerun whole-scope comparison. Existing residuals are not closed by this audit.
?create_responses_packets_allocator@match_client@network@vostok@@AAEXXZ	vostok/network/sources/match_client.cpp	89.7	89.7	SIZE	statement_structure:MISMATCH	SIZE +0x1	Unchanged control; rerun whole-scope comparison. Existing residuals are not closed by this audit.
?create_world@network@vostok@@YAPAUworld@12@AAUengine@12@AAVbase_allocator@memory@2@@Z	vostok/network/sources/network_entry_point.cpp	100	100	MATCH	none_reported	not_flagged_for_addressed_diff	Unchanged control; rerun whole-scope comparison. Existing residuals are not closed by this audit.
?delete_udp_match_packet@network_core@vostok@@YAXAAV?$single_size_buffer_allocator@$0BCM@Vsingle_threading_policy@threading@vostok@@@memory@2@AAPAVudp_match_packet@12@@Z	vostok/network_core/udp_match_packet.h	61.3333	61.3333	SIZE	statement_structure:MISMATCH	SIZE -0xf	Unchanged control; rerun whole-scope comparison. Existing residuals are not closed by this audit.
?destroy_world@network@vostok@@YAXAAPAUworld@12@@Z	vostok/network/sources/network_entry_point.cpp	100	100	MATCH	none_reported	not_flagged_for_addressed_diff	Unchanged control; rerun whole-scope comparison. Existing residuals are not closed by this audit.
?disconnect@match_client@network@vostok@@QAEXXZ	vostok/network/sources/match_client.cpp	100	100	MATCH	none_reported	not_flagged_for_addressed_diff	Unchanged control; rerun whole-scope comparison. Existing residuals are not closed by this audit.
?disconnect@match_client_impl@network@vostok@@QAEXXZ	vostok/network/sources/match_client_impl.cpp	100	100	MATCH	none_reported	not_flagged_for_addressed_diff	Unchanged control; rerun whole-scope comparison. Existing residuals are not closed by this audit.
?disconnect@tcp_packet_client@network@vostok@@QAEXXZ	vostok/network/sources/tcp_packet_client.cpp	100	100	MATCH	none_reported	not_flagged_for_addressed_diff	Unchanged control; rerun whole-scope comparison. Existing residuals are not closed by this audit.
?disconnect@tcp_packet_client@network_core@vostok@@QAEXXZ	vostok/network_core/sources/tcp_packet_client.cpp	100	100	MATCH	statement_structure:MISMATCH;statement_line_geometry:MISMATCH	projected_match	Unchanged control; rerun whole-scope comparison. Existing residuals are not closed by this audit.
?disconnect@udp_match_client@network_core@vostok@@QAEXXZ	vostok/network_core/sources/udp_match_client.cpp	100	100	MATCH	none_reported	not_flagged_for_addressed_diff	Unchanged control; rerun whole-scope comparison. Existing residuals are not closed by this audit.
?disconnect@udp_match_connection@network_core@vostok@@QAEXXZ	vostok/network_core/sources/udp_match_connection.cpp	99.8286	99.8286	MATCH	statement_structure:MISMATCH;statement_line_geometry:MISMATCH	projected_match	Unchanged control; rerun whole-scope comparison. Existing residuals are not closed by this audit.
?dispatch_callbacks@network_world@network@vostok@@UAEXXZ	vostok/network/sources/network_world.cpp	100	100	MATCH	none_reported	not_flagged_for_addressed_diff	Unchanged control; rerun whole-scope comparison. Existing residuals are not closed by this audit.
?dump@udp_match_connection@network_core@vostok@@AAEXQBDI@Z	vostok/network_core/sources/udp_match_connection.cpp	100	100	MATCH	none_reported	not_flagged_for_addressed_diff	Unchanged control; rerun whole-scope comparison. Existing residuals are not closed by this audit.
?enqueue@match_client@network@vostok@@QAEXPAVudp_match_packet@network_core@3@@Z	vostok/network/sources/match_client.cpp	73.5529	97.8862	SIZE	statement_structure:MISMATCH	SIZE -0x53	Unchanged control; rerun whole-scope comparison. Existing residuals are not closed by this audit.
?enqueue@udp_match_client@network_core@vostok@@QAEXPAVudp_match_packet@23@@Z	vostok/network_core/sources/udp_match_client.cpp	99.8923	99.8923	MATCH	none_reported	not_flagged_for_addressed_diff	Unchanged control; rerun whole-scope comparison. Existing residuals are not closed by this audit.
?enqueue@udp_match_connection@network_core@vostok@@QAEXPAVudp_match_packet@23@@Z	vostok/network_core/sources/udp_match_connection.cpp	99.8	99.8	MATCH	statement_line_geometry:MISMATCH	not_flagged_for_addressed_diff	Unchanged control; rerun whole-scope comparison. Existing residuals are not closed by this audit.
?enqueue_impl@udp_match_connection@network_core@vostok@@AAEXPAVudp_match_packet@23@@Z	vostok/network_core/sources/udp_match_connection.cpp	84.2429	84.2429	SIZE	statement_structure:MISMATCH;statement_line_geometry:MISMATCH	SIZE -0x3;SIZE -0xc;SIZE +0x1	Unchanged control; rerun whole-scope comparison. Existing residuals are not closed by this audit.
?eof@packet_reader@network_core@vostok@@QBE_NXZ	vostok/network_core/packet_reader_inline.h	100	100	MATCH	none_reported	not_flagged_for_addressed_diff	Unchanged control; rerun whole-scope comparison. Existing residuals are not closed by this audit.
?establish_connection@login_client_impl@network@vostok@@AAEXABV?$function@$$A6AXW4connection_error_types_enum@vostok@@@Z@boost@@II@Z	vostok/network/sources/login_client_impl.cpp	100	100	MATCH	none_reported	not_flagged_for_addressed_diff	Unchanged control; rerun whole-scope comparison. Existing residuals are not closed by this audit.
?execute@client_destroyer@@UAEXXZ	vostok/network/sources/match_client.cpp	73.8	73.8	SIZE	statement_structure:MISMATCH	SIZE +0x4	Unchanged control; rerun whole-scope comparison. Existing residuals are not closed by this audit.
?execute@connect_order@network@vostok@@UAEXXZ	vostok/network/sources/connect_order.h	100	100	MATCH	none_reported	not_flagged_for_addressed_diff	Unchanged control; rerun whole-scope comparison. Existing residuals are not closed by this audit.
?execute@enqueue_order@network@vostok@@UAEXXZ	vostok/network/sources/enqueue_order.h	100	100	MATCH	none_reported	not_flagged_for_addressed_diff	Unchanged control; rerun whole-scope comparison. Existing residuals are not closed by this audit.
?execute@functor_response@network@vostok@@UAEXXZ	vostok/network/sources/functor_response.h	100	100	MATCH	presence:TARGET_ONLY	not_flagged_for_addressed_diff	Unchanged control; rerun whole-scope comparison. Existing residuals are not closed by this audit.
?execute@receive_response@network@vostok@@UAEXXZ	vostok/network/sources/receive_response.h	100	100	MATCH	none_reported	not_flagged_for_addressed_diff	Unchanged control; rerun whole-scope comparison. Existing residuals are not closed by this audit.
?execute@receive_udp_response@network@vostok@@UAEXXZ	vostok/network/sources/receive_udp_response.h	100	100	MATCH	none_reported	not_flagged_for_addressed_diff	Unchanged control; rerun whole-scope comparison. Existing residuals are not closed by this audit.
?execute@send_order@network@vostok@@UAEXXZ	vostok/network/sources/send_order.h	100	100	MATCH	none_reported	not_flagged_for_addressed_diff	Unchanged control; rerun whole-scope comparison. Existing residuals are not closed by this audit.
?execute@send_queued_order@network@vostok@@UAEXXZ	vostok/network/sources/send_queued_order.h	100	100	MATCH	none_reported	not_flagged_for_addressed_diff	Unchanged control; rerun whole-scope comparison. Existing residuals are not closed by this audit.
?execute@string_response@network@vostok@@UAEXXZ	vostok/network/sources/string_order.h	100	100	MATCH	presence:BASE_ONLY	not_flagged_for_addressed_diff	Unchanged control; rerun whole-scope comparison. Existing residuals are not closed by this audit.
?fill_packet_header@udp_match_connection@network_core@vostok@@AAEXAAVudp_match_packet@23@@Z	vostok/network_core/sources/udp_match_connection.cpp	71.0556	71.0556	SIZE	statement_structure:MISMATCH	SIZE -0xc;SIZE -0xc;SIZE -0x6	pointer_cast for acknowledgement-word destination, matching retail pointer temp. Serialize reference-slot residuals remain separate.
?finalize@network@vostok@@YAXXZ	vostok/network/sources/network_entry_point.cpp	100	100	MATCH	none_reported	not_flagged_for_addressed_diff	Unchanged control; rerun whole-scope comparison. Existing residuals are not closed by this audit.
?finalize@network_core@vostok@@YAXXZ	vostok/network_core/sources/network_core_entry_point.cpp	100	100	MATCH	none_reported	not_flagged_for_addressed_diff	Unchanged control; rerun whole-scope comparison. Existing residuals are not closed by this audit.
?finalize@network_world@network@vostok@@UAEXXZ	vostok/network/sources/network_world.cpp	100	100	MATCH	none_reported	not_flagged_for_addressed_diff	Unchanged control; rerun whole-scope comparison. Existing residuals are not closed by this audit.
?get@http_client@network@vostok@@QAEXPBD0ABV?$function@$$A6AXPBD@Z@boost@@@Z	vostok/network/sources/http_client.cpp	100	100	MATCH	statement_line_geometry:MISMATCH	not_flagged_for_addressed_diff	Unchanged control; rerun whole-scope comparison. Existing residuals are not closed by this audit.
?get@http_client@network_core@vostok@@QAEXPBD0ABV?$function@$$A6AXXZ@boost@@@Z	vostok/network_core/sources/http_client.cpp	100	100	MATCH	statement_structure:MISMATCH;statement_line_geometry:MISMATCH	projected_match	Unchanged control; rerun whole-scope comparison. Existing residuals are not closed by this audit.
?get_connection_info_from_string@network_core@vostok@@YA_NPBDQADAAG@Z	vostok/network_core/sources/network_core_entry_point.cpp	99.9783	99.9783	MATCH	statement_structure:MISMATCH;statement_line_geometry:MISMATCH	projected_match	Unchanged control; rerun whole-scope comparison. Existing residuals are not closed by this audit.
?get_impl@http_client@network@vostok@@AAEXPBD0@Z	vostok/network/sources/http_client.cpp	100	100	MATCH	none_reported	not_flagged_for_addressed_diff	Unchanged control; rerun whole-scope comparison. Existing residuals are not closed by this audit.
?get_ip_address@network_core@vostok@@YA?AV?$basic_string@DV?$char_traits@D@stlp_std@@V?$allocator@D@2@@stlp_std@@AAVio_service@asio@boost@@@Z	vostok/network_core/sources/network_core_entry_point.cpp	100	100	MATCH	statement_structure:MISMATCH;statement_line_geometry:MISMATCH	projected_match	Unchanged control; rerun whole-scope comparison. Existing residuals are not closed by this audit.
?handle_connect@http_client@network_core@vostok@@AAEXABVerror_code@system@boost@@V?$basic_resolver_iterator@Vtcp@ip@asio@boost@@@ip@asio@6@@Z	vostok/network_core/sources/http_client.cpp	100	100	MATCH	statement_structure:MISMATCH;statement_line_geometry:MISMATCH	projected_match	Unchanged control; rerun whole-scope comparison. Existing residuals are not closed by this audit.
?handle_read_content@http_client@network_core@vostok@@AAEXABVerror_code@system@boost@@@Z	vostok/network_core/sources/http_client.cpp	100	100	MATCH	statement_line_geometry:MISMATCH	not_flagged_for_addressed_diff	Unchanged control; rerun whole-scope comparison. Existing residuals are not closed by this audit.
?handle_read_status_line@http_client@network_core@vostok@@AAEXABVerror_code@system@boost@@@Z	vostok/network_core/sources/http_client.cpp	94.3516	94.3516	SIZE	statement_structure:MISMATCH;statement_line_geometry:MISMATCH	SIZE +0xd;SIZE -0x4;SIZE +0xd;SIZE +0x1;SIZE -0x1	Unchanged control; rerun whole-scope comparison. Existing residuals are not closed by this audit.
?handle_receive@udp_match_client@network_core@vostok@@AAEXABVerror_code@system@boost@@I@Z	vostok/network_core/sources/udp_match_client.cpp	99.9878	99.9878	MATCH	statement_structure:MISMATCH;statement_line_geometry:MISMATCH	projected_match	Unchanged control; rerun whole-scope comparison. Existing residuals are not closed by this audit.
?handle_resolve@http_client@network_core@vostok@@AAEXABVerror_code@system@boost@@V?$basic_resolver_iterator@Vtcp@ip@asio@boost@@@ip@asio@6@@Z	vostok/network_core/sources/http_client.cpp	100	100	MATCH	statement_structure:MISMATCH;statement_line_geometry:MISMATCH	projected_match	Unchanged control; rerun whole-scope comparison. Existing residuals are not closed by this audit.
?handle_send@udp_match_connection@network_core@vostok@@AAEXPAVudp_match_packet@23@ABVerror_code@system@boost@@I@Z	vostok/network_core/sources/udp_match_connection.cpp	96.9531	96.9531	SIZE	statement_structure:MISMATCH;statement_line_geometry:MISMATCH	SIZE -0x11	Singular success suppression in target gap103; pointer_cast and enum tag ternary at line113. Measure warning and17B residual.
?handle_write_request@http_client@network_core@vostok@@AAEXABVerror_code@system@boost@@@Z	vostok/network_core/sources/http_client.cpp	100	100	MATCH	statement_structure:MISMATCH;statement_line_geometry:MISMATCH	projected_match	Unchanged control; rerun whole-scope comparison. Existing residuals are not closed by this audit.
?handshake@login_client_impl@network@vostok@@AAEXABV?$function@$$A6AXW4handshaking_error_types_enum@vostok@@@Z@boost@@I_N@Z	vostok/network/sources/login_client_impl_handshake.cpp	99.9885	100	MATCH	statement_line_geometry:MISMATCH	not_flagged_for_addressed_diff	Unchanged control; rerun whole-scope comparison. Existing residuals are not closed by this audit.
?header_size@udp_match_packet@network_core@vostok@@QBEEXZ	vostok/network_core/udp_match_packet.h	100	100	MATCH	none_reported	not_flagged_for_addressed_diff	Unchanged control; rerun whole-scope comparison. Existing residuals are not closed by this audit.
?host_ip_address@login_client@network@vostok@@QBEPBDXZ	vostok/network/sources/login_client.cpp	100	100	MATCH	none_reported	not_flagged_for_addressed_diff	Unchanged control; rerun whole-scope comparison. Existing residuals are not closed by this audit.
?initialize@network@vostok@@YAXXZ	vostok/network/sources/network_entry_point.cpp	100	100	MATCH	none_reported	not_flagged_for_addressed_diff	Unchanged control; rerun whole-scope comparison. Existing residuals are not closed by this audit.
?initialize@network_core@vostok@@YAXXZ	vostok/network_core/sources/network_core_entry_point.cpp	100	100	MATCH	none_reported	not_flagged_for_addressed_diff	Unchanged control; rerun whole-scope comparison. Existing residuals are not closed by this audit.
?initialize@network_world@network@vostok@@UAEXXZ	vostok/network/sources/network_world.cpp	100	100	MATCH	none_reported	not_flagged_for_addressed_diff	Unchanged control; rerun whole-scope comparison. Existing residuals are not closed by this audit.
?instant_disconnect@udp_match_connection@network_core@vostok@@QAEXW4disconnect_event_types_enum@23@@Z	vostok/network_core/sources/udp_match_connection.cpp	99.8452	99.8452	MATCH	statement_line_geometry:MISMATCH	not_flagged_for_addressed_diff	Unchanged control; rerun whole-scope comparison. Existing residuals are not closed by this audit.
?is_connected@match_client@network@vostok@@QBE_NXZ	vostok/network/sources/match_client.cpp	100	100	MATCH	none_reported	not_flagged_for_addressed_diff	Unchanged control; rerun whole-scope comparison. Existing residuals are not closed by this audit.
?is_disconnected@match_client@network@vostok@@QBE_NXZ	vostok/network/sources/match_client.cpp	100	100	MATCH	none_reported	not_flagged_for_addressed_diff	Unchanged control; rerun whole-scope comparison. Existing residuals are not closed by this audit.
?is_low_level_packet@udp_match_connection@network_core@vostok@@SA_NABVbase_packet@23@@Z	vostok/network_core/sources/udp_match_connection.cpp	83.2162	83.2162	SIZE	statement_structure:MISMATCH;statement_line_geometry:MISMATCH	SIZE -0xc;SIZE -0xc	Unchanged control; rerun whole-scope comparison. Existing residuals are not closed by this audit.
?last_receive_time_in_ms@match_client@network@vostok@@QBEIXZ	vostok/network/sources/match_client.cpp	100	100	MATCH	none_reported	not_flagged_for_addressed_diff	Unchanged control; rerun whole-scope comparison. Existing residuals are not closed by this audit.
?make_packet_lost@udp_network_flow_emulator@network_core@vostok@@AAEXPAEIABV?$basic_endpoint@Vudp@ip@asio@boost@@@ip@asio@boost@@@Z	vostok/network_core/sources/udp_network_flow_emulator.cpp	100	100	MATCH	none_reported	not_flagged_for_addressed_diff	Unchanged control; rerun whole-scope comparison. Existing residuals are not closed by this audit.
?memory_allocator@network@vostok@@YAXAAVdoug_lea_allocator@memory@2@@Z	vostok/network/sources/network_entry_point.cpp	100	100	MATCH	none_reported	not_flagged_for_addressed_diff	Unchanged control; rerun whole-scope comparison. Existing residuals are not closed by this audit.
?memory_allocator@network_core@vostok@@YAXAAVbase_allocator@memory@2@@Z	vostok/network_core/sources/network_core_entry_point.cpp	100	100	MATCH	none_reported	not_flagged_for_addressed_diff	Unchanged control; rerun whole-scope comparison. Existing residuals are not closed by this audit.
?new_low_level_packet@udp_match_connection@network_core@vostok@@AAEPAVudp_match_packet@23@E@Z	vostok/network_core/sources/udp_match_connection.cpp	85.9398	85.9398	SIZE	statement_structure:MISMATCH;statement_line_geometry:MISMATCH	SIZE +0xc;SIZE +0xb	Unchanged control; rerun whole-scope comparison. Existing residuals are not closed by this audit.
?new_packet@?$tcp_packet_socket@V?$basic_stream_socket@Vtcp@ip@asio@boost@@V?$stream_socket_service@Vtcp@ip@asio@boost@@@34@@asio@boost@@@network_core@vostok@@AAEPAVtcp_packet@23@XZ	vostok/network_core/tcp_packet_socket_inline.h	100	100	MATCH	none_reported	not_flagged_for_addressed_diff	Unchanged control; rerun whole-scope comparison. Existing residuals are not closed by this audit.
?new_packet@match_client@network@vostok@@QAEPAVudp_match_packet@network_core@3@E@Z	vostok/network/sources/match_client.cpp	75.4	75.4	SIZE	statement_structure:MISMATCH	SIZE +0xf	Unchanged control; rerun whole-scope comparison. Existing residuals are not closed by this audit.
?new_packet@network_world@network@vostok@@QAEPAVtcp_packet@network_core@3@XZ	vostok/network/sources/network_world.cpp	100	100	MATCH	none_reported	not_flagged_for_addressed_diff	Unchanged control; rerun whole-scope comparison. Existing residuals are not closed by this audit.
?new_udp_match_packet@network_core@vostok@@YAPAVudp_match_packet@12@AAV?$single_size_buffer_allocator@$0BCM@Vsingle_threading_policy@threading@vostok@@@memory@2@@Z	vostok/network_core/udp_match_packet.h	99.7391	99.7391	MATCH	none_reported	not_flagged_for_addressed_diff	Unchanged control; rerun whole-scope comparison. Existing residuals are not closed by this audit.
?on_connected@async_connector@network_core@vostok@@AAEXABVerror_code@system@boost@@V?$basic_resolver_iterator@Vtcp@ip@asio@boost@@@ip@asio@6@@Z	vostok/network_core/sources/async_connector.cpp	99.9904	99.9904	MATCH	statement_structure:MISMATCH;statement_line_geometry:MISMATCH	BASE_ONLY;TRGT_ONLY	Unchanged control; rerun whole-scope comparison. Existing residuals are not closed by this audit.
?on_connected@login_client_impl@network@vostok@@AAEXIABV?$function@$$A6AXW4connection_error_types_enum@vostok@@@Z@boost@@V?$basic_resolver_iterator@Vtcp@ip@asio@boost@@@ip@asio@5@ABVerror_code@system@5@1@Z	vostok/network/sources/login_client_impl_connect.cpp	100	100	MATCH	none_reported	not_flagged_for_addressed_diff	Unchanged control; rerun whole-scope comparison. Existing residuals are not closed by this audit.
?on_connected@match_client@network@vostok@@AAEXW4connection_error_types_enum@3@W4handshaking_error_types_enum@3@W4socket_error_types_enum@3@W4lobby_server_message_types_enum@3@@Z	vostok/network/sources/match_client.cpp	88.3253	88.3253	SIZE	statement_structure:MISMATCH	SIZE +0x11	Unchanged control; rerun whole-scope comparison. Existing residuals are not closed by this audit.
?on_connected@tcp_packet_client@network@vostok@@AAEXXZ	vostok/network/sources/tcp_packet_client.cpp	100	100	MATCH	none_reported	not_flagged_for_addressed_diff	Unchanged control; rerun whole-scope comparison. Existing residuals are not closed by this audit.
?on_connected@tcp_packet_client@network_core@vostok@@AAEXXZ	vostok/network_core/sources/tcp_packet_client.cpp	100	100	MATCH	none_reported	not_flagged_for_addressed_diff	Unchanged control; rerun whole-scope comparison. Existing residuals are not closed by this audit.
?on_connected_impl@tcp_packet_client@network@vostok@@AAEXXZ	vostok/network/sources/tcp_packet_client.cpp	100	100	MATCH	none_reported	not_flagged_for_addressed_diff	Unchanged control; rerun whole-scope comparison. Existing residuals are not closed by this audit.
?on_content_downloaded@http_client@network@vostok@@AAEXXZ	vostok/network/sources/http_client.cpp	99.9	99.9	MATCH	none_reported	not_flagged_for_addressed_diff	Unchanged control; rerun whole-scope comparison. Existing residuals are not closed by this audit.
?on_content_downloaded_impl@http_client@network@vostok@@AAEXPBD@Z	vostok/network/sources/http_client.cpp	100	100	MATCH	none_reported	not_flagged_for_addressed_diff	Unchanged control; rerun whole-scope comparison. Existing residuals are not closed by this audit.
?on_disconnect@match_client@network@vostok@@AAEXW4disconnect_event_types_enum@network_core@3@@Z	vostok/network/sources/match_client.cpp	100	100	MATCH	none_reported	not_flagged_for_addressed_diff	Unchanged control; rerun whole-scope comparison. Existing residuals are not closed by this audit.
?on_disconnect@match_client_impl@network@vostok@@AAEXW4disconnect_event_types_enum@network_core@3@@Z	vostok/network/sources/match_client_impl.cpp	100	100	MATCH	none_reported	not_flagged_for_addressed_diff	Unchanged control; rerun whole-scope comparison. Existing residuals are not closed by this audit.
?on_disconnect@udp_match_client@network_core@vostok@@AAEXW4disconnect_event_types_enum@23@@Z	vostok/network_core/sources/udp_match_client.cpp	100	100	MATCH	statement_line_geometry:MISMATCH	not_flagged_for_addressed_diff	Unchanged control; rerun whole-scope comparison. Existing residuals are not closed by this audit.
?on_disconnect_impl@match_client@network@vostok@@AAEXW4disconnect_event_types_enum@network_core@3@@Z	vostok/network/sources/match_client.cpp	100	100	MATCH	none_reported	not_flagged_for_addressed_diff	Unchanged control; rerun whole-scope comparison. Existing residuals are not closed by this audit.
?on_disconnected@tcp_packet_client@network@vostok@@AAEXXZ	vostok/network/sources/tcp_packet_client.cpp	100	100	MATCH	none_reported	not_flagged_for_addressed_diff	Unchanged control; rerun whole-scope comparison. Existing residuals are not closed by this audit.
?on_disconnected_impl@tcp_packet_client@network@vostok@@AAEXXZ	vostok/network/sources/tcp_packet_client.cpp	100	100	MATCH	none_reported	not_flagged_for_addressed_diff	Unchanged control; rerun whole-scope comparison. Existing residuals are not closed by this audit.
?on_error@http_client@network@vostok@@AAEXVerror_code@system@boost@@@Z	vostok/network/sources/http_client.cpp	100	100	MATCH	none_reported	not_flagged_for_addressed_diff	Unchanged control; rerun whole-scope comparison. Existing residuals are not closed by this audit.
?on_error@http_client@network_core@vostok@@AAEXABVerror_code@system@boost@@@Z	vostok/network_core/sources/http_client.cpp	100	100	MATCH	none_reported	not_flagged_for_addressed_diff	Unchanged control; rerun whole-scope comparison. Existing residuals are not closed by this audit.
?on_error@tcp_packet_client@network@vostok@@AAEXW4client_error_codes_enum@network_core@3@Verror_code@system@boost@@@Z	vostok/network/sources/tcp_packet_client.cpp	100	100	MATCH	none_reported	not_flagged_for_addressed_diff	Unchanged control; rerun whole-scope comparison. Existing residuals are not closed by this audit.
?on_error@tcp_packet_client@network_core@vostok@@AAEXW4client_error_codes_enum@23@Verror_code@system@boost@@@Z	vostok/network_core/sources/tcp_packet_client.cpp	100	100	MATCH	statement_structure:MISMATCH;statement_line_geometry:MISMATCH	projected_match	Unchanged control; rerun whole-scope comparison. Existing residuals are not closed by this audit.
?on_error@udp_match_client@network_core@vostok@@AAEXW4client_error_codes_enum@23@Verror_code@system@boost@@@Z	vostok/network_core/sources/udp_match_client.cpp	100	100	MATCH	none_reported	not_flagged_for_addressed_diff	Unchanged control; rerun whole-scope comparison. Existing residuals are not closed by this audit.
?on_error@udp_match_connection@network_core@vostok@@AAEXW4client_error_codes_enum@23@Verror_code@system@boost@@@Z	vostok/network_core/sources/udp_match_connection.cpp	100	100	MATCH	none_reported	not_flagged_for_addressed_diff	Unchanged control; rerun whole-scope comparison. Existing residuals are not closed by this audit.
?on_error_impl@http_client@network@vostok@@AAEXVerror_code@system@boost@@@Z	vostok/network/sources/http_client.cpp	100	100	MATCH	none_reported	not_flagged_for_addressed_diff	Unchanged control; rerun whole-scope comparison. Existing residuals are not closed by this audit.
?on_error_impl@tcp_packet_client@network@vostok@@AAEXW4client_error_codes_enum@network_core@3@Verror_code@system@boost@@@Z	vostok/network/sources/tcp_packet_client.cpp	100	100	MATCH	none_reported	not_flagged_for_addressed_diff	Unchanged control; rerun whole-scope comparison. Existing residuals are not closed by this audit.
?on_handshaked@login_client_impl@network@vostok@@AAEXABVerror_code@system@boost@@ABV?$function@$$A6AXW4handshaking_error_types_enum@vostok@@@Z@6@I_N@Z	vostok/network/sources/login_client_impl_handshake.cpp	100	100	MATCH	none_reported	not_flagged_for_addressed_diff	Unchanged control; rerun whole-scope comparison. Existing residuals are not closed by this audit.
?on_packet_has_been_sent@?$tcp_packet_socket@V?$basic_stream_socket@Vtcp@ip@asio@boost@@V?$stream_socket_service@Vtcp@ip@asio@boost@@@34@@asio@boost@@@network_core@vostok@@AAEXPBVtcp_packet@23@ABVerror_code@system@boost@@I@Z	vostok/network_core/tcp_packet_socket_inline.h	99.9877	99.9877	SIZE	statement_structure:MISMATCH;statement_line_geometry:MISMATCH	SIZE -0x3	Unchanged control; rerun whole-scope comparison. Existing residuals are not closed by this audit.
?on_packet_received@?$tcp_packet_socket@V?$basic_stream_socket@Vtcp@ip@asio@boost@@V?$stream_socket_service@Vtcp@ip@asio@boost@@@34@@asio@boost@@@network_core@vostok@@AAEXPBVtcp_packet@23@ABVerror_code@system@boost@@I@Z	vostok/network_core/tcp_packet_socket_inline.h	99.9913	99.9913	MATCH	statement_structure:MISMATCH;statement_line_geometry:MISMATCH	projected_match	Unchanged control; rerun whole-scope comparison. Existing residuals are not closed by this audit.
?on_packet_received@match_client@network@vostok@@AAEXEAAVpacket_reader@network_core@3@@Z	vostok/network/sources/match_client.cpp	78.187	78.187	SIZE	statement_structure:MISMATCH	SIZE +0x3;SIZE +0x10;SIZE -0x35	Unchanged control; rerun whole-scope comparison. Existing residuals are not closed by this audit.
?on_packet_received@match_client_impl@network@vostok@@AAEXEAAVpacket_reader@network_core@3@@Z	vostok/network/sources/match_client_impl.cpp	95.8333	95.8333	SIZE	locals:MISMATCH;statement_structure:MISMATCH;statement_line_geometry:MISMATCH	SIZE -0x3;SIZE +0x9	Previous checkpoint removed warning only; named-local/size residuals still open. Update stale review wording; no body change in batch.
?on_packet_received@tcp_packet_client@network@vostok@@AAEXABVtcp_packet@network_core@3@@Z	vostok/network/sources/tcp_packet_client.cpp	100	100	MATCH	none_reported	not_flagged_for_addressed_diff	Unchanged control; rerun whole-scope comparison. Existing residuals are not closed by this audit.
?on_packet_received@udp_network_flow_emulator@network_core@vostok@@QAEXPAEIABV?$basic_endpoint@Vudp@ip@asio@boost@@@ip@asio@boost@@II@Z	vostok/network_core/sources/udp_network_flow_emulator.cpp	100	100	MATCH	none_reported	not_flagged_for_addressed_diff	Unchanged control; rerun whole-scope comparison. Existing residuals are not closed by this audit.
?on_packet_received_impl@match_client@network@vostok@@AAEXEAAVpacket_reader@network_core@3@@Z	vostok/network/sources/match_client.cpp	100	100	MATCH	none_reported	not_flagged_for_addressed_diff	Unchanged control; rerun whole-scope comparison. Existing residuals are not closed by this audit.
?on_packet_received_impl@tcp_packet_client@network@vostok@@AAEXAAVpacket_reader@network_core@3@@Z	vostok/network/sources/tcp_packet_client.cpp	100	100	MATCH	none_reported	not_flagged_for_addressed_diff	Unchanged control; rerun whole-scope comparison. Existing residuals are not closed by this audit.
?on_ping_sent@login_client_impl@network@vostok@@AAEXIABVerror_code@system@boost@@I@Z	vostok/network/sources/login_client_impl_ping.cpp	99.988	99.988	MATCH	none_reported	not_flagged_for_addressed_diff	Unchanged control; rerun whole-scope comparison. Existing residuals are not closed by this audit.
?on_resolved@async_connector@network_core@vostok@@AAEXQAV?$basic_resolver@Vtcp@ip@asio@boost@@V?$resolver_service@Vtcp@ip@asio@boost@@@234@@ip@asio@boost@@ABVerror_code@system@7@V?$basic_resolver_iterator@Vtcp@ip@asio@boost@@@567@@Z	vostok/network_core/sources/async_connector.cpp	99.8346	99.8346	SIZE	statement_structure:MISMATCH	SIZE +0x3	Unchanged control; rerun whole-scope comparison. Existing residuals are not closed by this audit.
?on_resolved@login_client_impl@network@vostok@@AAEXQAV?$basic_resolver@Vtcp@ip@asio@boost@@V?$resolver_service@Vtcp@ip@asio@boost@@@234@@ip@asio@boost@@IABV?$function@$$A6AXW4resolve_error_types_enum@vostok@@V?$basic_resolver_iterator@Vtcp@ip@asio@boost@@@ip@asio@boost@@@Z@7@ABVerror_code@system@7@V?$basic_resolver_iterator@Vtcp@ip@asio@boost@@@567@@Z	vostok/network/sources/login_client_impl_resolve.cpp	90.0605	90.0605	MATCH	statement_line_geometry:MISMATCH	not_flagged_for_addressed_diff	Unchanged control; rerun whole-scope comparison. Existing residuals are not closed by this audit.
?on_sign_in_answer_received@login_client_impl@network@vostok@@AAEXABV?$function@$$A6AXW4connection_error_types_enum@vostok@@W4handshaking_error_types_enum@2@W4socket_error_types_enum@2@W4login_server_message_types_enum@2@@Z@boost@@ABVerror_code@system@5@I@Z	vostok/network/sources/login_client_impl_sign_in.cpp	82.1244	82.1295	SIZE	statement_structure:MISMATCH	SIZE +0x3d;SIZE +0x1;SIZE -0x1;SIZE -0x1;SIZE +0x3d;SIZE +0x1;SIZE +0x49	Unchanged control; rerun whole-scope comparison. Existing residuals are not closed by this audit.
?on_sign_in_handshaked@login_client_impl@network@vostok@@AAEXABV?$function@$$A6AXW4connection_error_types_enum@vostok@@W4handshaking_error_types_enum@2@W4socket_error_types_enum@2@W4login_server_message_types_enum@2@@Z@boost@@W4handshaking_error_types_enum@3@@Z	vostok/network/sources/login_client_impl_sign_in.cpp	81.4698	95.6913	SIZE	statement_structure:MISMATCH	SIZE +0x4;SIZE +0x3d;SIZE +0x1;SIZE -0x1;SIZE +0x16	Unchanged control; rerun whole-scope comparison. Existing residuals are not closed by this audit.
?on_sign_in_password_written@login_client_impl@network@vostok@@AAEXABV?$function@$$A6AXW4connection_error_types_enum@vostok@@W4handshaking_error_types_enum@2@W4socket_error_types_enum@2@W4login_server_message_types_enum@2@@Z@boost@@ABVerror_code@system@5@I@Z	vostok/network/sources/login_client_impl_sign_in.cpp	78.8727	78.8727	SIZE	statement_structure:MISMATCH	SIZE +0x3d;SIZE +0x4;SIZE +0x3d;SIZE +0x1;SIZE +0x15	Unchanged control; rerun whole-scope comparison. Existing residuals are not closed by this audit.
?on_sign_in_written@login_client_impl@network@vostok@@AAEXABV?$function@$$A6AXW4connection_error_types_enum@vostok@@W4handshaking_error_types_enum@2@W4socket_error_types_enum@2@W4login_server_message_types_enum@2@@Z@boost@@ABVerror_code@system@5@I@Z	vostok/network/sources/login_client_impl_sign_in.cpp	69.8782	69.8782	SIZE	statement_structure:MISMATCH	SIZE +0x3d;SIZE -0x1;SIZE +0x4;SIZE +0x3d;SIZE +0x16	Unchanged control; rerun whole-scope comparison. Existing residuals are not closed by this audit.
?on_sign_out_handshaked@login_client_impl@network@vostok@@AAEXABV?$function@$$A6AXW4connection_error_types_enum@vostok@@W4handshaking_error_types_enum@2@W4socket_error_types_enum@2@W4login_server_message_types_enum@2@@Z@boost@@W4handshaking_error_types_enum@3@@Z	vostok/network/sources/login_client_impl_sign_out.cpp	81.4698	95.6913	SIZE	statement_structure:MISMATCH	SIZE +0x4;SIZE +0x3d;SIZE +0x1;SIZE -0x1;SIZE +0x16	Unchanged control; rerun whole-scope comparison. Existing residuals are not closed by this audit.
?on_sign_out_password_written@login_client_impl@network@vostok@@AAEXABV?$function@$$A6AXW4connection_error_types_enum@vostok@@W4handshaking_error_types_enum@2@W4socket_error_types_enum@2@W4login_server_message_types_enum@2@@Z@boost@@ABVerror_code@system@5@I@Z	vostok/network/sources/login_client_impl_sign_out.cpp	59.7351	59.7351	SIZE	statement_structure:MISMATCH	SIZE +0x3d;SIZE -0x1;SIZE +0x3d;SIZE -0x1;SIZE +0x3d	Unchanged control; rerun whole-scope comparison. Existing residuals are not closed by this audit.
?on_sign_out_written@login_client_impl@network@vostok@@AAEXABV?$function@$$A6AXW4connection_error_types_enum@vostok@@W4handshaking_error_types_enum@2@W4socket_error_types_enum@2@W4login_server_message_types_enum@2@@Z@boost@@ABVerror_code@system@5@I@Z	vostok/network/sources/login_client_impl_sign_out.cpp	71.3584	71.3584	SIZE	statement_structure:MISMATCH	SIZE +0x3d;SIZE -0x4;SIZE +0x4;SIZE +0x3d;SIZE +0x20	Unchanged control; rerun whole-scope comparison. Existing residuals are not closed by this audit.
?on_sign_up_account_answer_received@login_client_impl@network@vostok@@AAEXABV?$function@$$A6AXW4connection_error_types_enum@vostok@@W4handshaking_error_types_enum@2@W4socket_error_types_enum@2@W4login_server_message_types_enum@2@ABUsign_up_info@2@@Z@boost@@ABUsign_up_info@3@ABVerror_code@system@5@I@Z	vostok/network/sources/login_client_impl_sign_up.cpp	90.0919	90.0919	SIZE	statement_structure:MISMATCH	SIZE -0x1;SIZE +0x3;SIZE +0x20	Unchanged control; rerun whole-scope comparison. Existing residuals are not closed by this audit.
?on_sign_up_answer_received@login_client_impl@network@vostok@@AAEXABV?$function@$$A6AXW4connection_error_types_enum@vostok@@W4handshaking_error_types_enum@2@W4socket_error_types_enum@2@W4login_server_message_types_enum@2@ABUsign_up_info@2@@Z@boost@@ABUsign_up_info@3@ABVerror_code@system@5@I@Z	vostok/network/sources/login_client_impl_sign_up.cpp	92.1958	92.1958	SIZE	statement_structure:MISMATCH	SIZE -0x1	Unchanged control; rerun whole-scope comparison. Existing residuals are not closed by this audit.
?on_sign_up_info_written@login_client_impl@network@vostok@@AAEXABV?$function@$$A6AXW4connection_error_types_enum@vostok@@W4handshaking_error_types_enum@2@W4socket_error_types_enum@2@W4login_server_message_types_enum@2@ABUsign_up_info@2@@Z@boost@@ABUsign_up_info@3@ABVerror_code@system@5@I@Z	vostok/network/sources/login_client_impl_sign_up.cpp	91.9055	91.9055	SIZE	statement_structure:MISMATCH	SIZE +0x4;SIZE +0x17	Unchanged control; rerun whole-scope comparison. Existing residuals are not closed by this audit.
?on_sign_up_written@login_client_impl@network@vostok@@AAEXABV?$function@$$A6AXW4connection_error_types_enum@vostok@@W4handshaking_error_types_enum@2@W4socket_error_types_enum@2@W4login_server_message_types_enum@2@ABUsign_up_info@2@@Z@boost@@ABUsign_up_info@3@ABVerror_code@system@5@I@Z	vostok/network/sources/login_client_impl_sign_up.cpp	92.165	92.165	SIZE	statement_structure:MISMATCH	SIZE +0x1;SIZE +0x17	Unchanged control; rerun whole-scope comparison. Existing residuals are not closed by this audit.
?on_signed_in@login_client@network@vostok@@AAEXW4connection_error_types_enum@3@W4handshaking_error_types_enum@3@W4socket_error_types_enum@3@W4login_server_message_types_enum@3@@Z	vostok/network/sources/login_client.cpp	89.5638	89.5638	SIZE	statement_structure:MISMATCH	SIZE +0x10	Unchanged control; rerun whole-scope comparison. Existing residuals are not closed by this audit.
?on_signed_out@login_client@network@vostok@@AAEXW4connection_error_types_enum@3@W4handshaking_error_types_enum@3@W4socket_error_types_enum@3@W4login_server_message_types_enum@3@@Z	vostok/network/sources/login_client.cpp	88.1928	88.1928	SIZE	statement_structure:MISMATCH	SIZE +0x11	Unchanged control; rerun whole-scope comparison. Existing residuals are not closed by this audit.
?on_signed_up@login_client@network@vostok@@AAEXW4connection_error_types_enum@3@W4handshaking_error_types_enum@3@W4socket_error_types_enum@3@W4login_server_message_types_enum@3@ABUsign_up_info@3@@Z	vostok/network/sources/login_client.cpp	89.2935	89.2935	SIZE	statement_structure:MISMATCH	SIZE +0x11	Unchanged control; rerun whole-scope comparison. Existing residuals are not closed by this audit.
?on_user_name_answer_received@login_client_impl@network@vostok@@AAEXABV?$function@$$A6AXW4connection_error_types_enum@vostok@@W4handshaking_error_types_enum@2@W4socket_error_types_enum@2@W4login_server_message_types_enum@2@@Z@boost@@ABVerror_code@system@5@I@Z	vostok/network/sources/login_client_impl_sign_in.cpp	49.0815	49.0815	SIZE	statement_structure:MISMATCH	SIZE +0x3d;SIZE -0x1;SIZE +0x4;SIZE +0x3d;SIZE +0x7;SIZE +0x49;SIZE +0x3;SIZE +0x49;SIZE +0x20	Unchanged control; rerun whole-scope comparison. Existing residuals are not closed by this audit.
?packets_count@udp_match_connection@network_core@vostok@@QBEIXZ	vostok/network_core/sources/udp_match_connection.cpp	100	100	MATCH	none_reported	not_flagged_for_addressed_diff	Unchanged control; rerun whole-scope comparison. Existing residuals are not closed by this audit.
?ping@login_client_impl@network@vostok@@AAEXI@Z	vostok/network/sources/login_client_impl_ping.cpp	100	100	MATCH	none_reported	not_flagged_for_addressed_diff	Unchanged control; rerun whole-scope comparison. Existing residuals are not closed by this audit.
?process_incoming_packet@udp_match_client@network_core@vostok@@AAEXAAVpacket_reader@23@ABV?$basic_endpoint@Vudp@ip@asio@boost@@@ip@asio@boost@@@Z	vostok/network_core/sources/udp_match_client.cpp	100	100	MATCH	none_reported	not_flagged_for_addressed_diff	Unchanged control; rerun whole-scope comparison. Existing residuals are not closed by this audit.
?process_low_level_message@udp_match_connection@network_core@vostok@@AAEXAAVpacket_reader@23@I@Z	vostok/network_core/sources/udp_match_connection.cpp	96.6076	96.6076	SIZE	statement_structure:MISMATCH;statement_line_geometry:MISMATCH	SIZE -0x6	Unchanged control; rerun whole-scope comparison. Existing residuals are not closed by this audit.
?process_orders@network_world@network@vostok@@AAEXXZ	vostok/network/sources/network_world.cpp	100	100	MATCH	none_reported	not_flagged_for_addressed_diff	Unchanged control; rerun whole-scope comparison. Existing residuals are not closed by this audit.
?process_responses@network_world@network@vostok@@AAEXXZ	vostok/network/sources/network_world.cpp	100	100	MATCH	none_reported	not_flagged_for_addressed_diff	Unchanged control; rerun whole-scope comparison. Existing residuals are not closed by this audit.
?r@packet_reader@network_core@vostok@@QAEXPAXII@Z	vostok/network_core/packet_reader_inline.h	81.6667	81.6667	MATCH	locals:MISMATCH	projected_match	Raw target local named size may be a promoted parameter; inspect origin before deleting any caller/callee source. Unchanged.
?read_lines_from_stream@network_core@vostok@@YAXPBDAAV?$basic_streambuf@V?$allocator@D@stlp_std@@@asio@boost@@@Z	vostok/network_core/sources/http_client.cpp	100	100	MATCH	statement_line_geometry:MISMATCH	not_flagged_for_addressed_diff	Unchanged control; rerun whole-scope comparison. Existing residuals are not closed by this audit.
?reallocate@?$packet@Vtcp_packet@network_core@vostok@@@network_core@vostok@@AAEXI@Z	vostok/network_core/packet.h	100	100	QUANTITY	statement_structure:MISMATCH;statement_files:MISMATCH;statement_line_geometry:MISMATCH	BASE_ONLY	Unchanged control; rerun whole-scope comparison. Existing residuals are not closed by this audit.
?reset@async_connector@network_core@vostok@@QAEXXZ	vostok/network_core/sources/async_connector.cpp	100	100	MATCH	none_reported	not_flagged_for_addressed_diff	Unchanged control; rerun whole-scope comparison. Existing residuals are not closed by this audit.
?reset@channel@udp_match_connection@network_core@vostok@@QAEXXZ	vostok/network_core/udp_match_connection.h	100	100	MATCH	none_reported	not_flagged_for_addressed_diff	Unchanged control; rerun whole-scope comparison. Existing residuals are not closed by this audit.
?reset_user_password_in_settings@login_client@network@vostok@@QAEXXZ	vostok/network/sources/login_client.cpp	100	100	MATCH	none_reported	not_flagged_for_addressed_diff	Unchanged control; rerun whole-scope comparison. Existing residuals are not closed by this audit.
?resize@?$packet@Vtcp_packet@network_core@vostok@@@network_core@vostok@@QAEXI@Z	vostok/network_core/packet_inline.h	100	100	MATCH	none_reported	not_flagged_for_addressed_diff	Unchanged control; rerun whole-scope comparison. Existing residuals are not closed by this audit.
?resolve@login_client_impl@network@vostok@@AAEXABV?$function@$$A6AXW4resolve_error_types_enum@vostok@@V?$basic_resolver_iterator@Vtcp@ip@asio@boost@@@ip@asio@boost@@@Z@boost@@I@Z	vostok/network/sources/login_client_impl_resolve.cpp	96	96	SIZE	statement_structure:MISMATCH	SIZE -0xc;SIZE +0x1	Use three-argument array-sized _itoa_s overload; test12B argument-temp difference with no named local.
?send@?$tcp_packet_socket@V?$basic_stream_socket@Vtcp@ip@asio@boost@@V?$stream_socket_service@Vtcp@ip@asio@boost@@@34@@asio@boost@@@network_core@vostok@@QAEXABVtcp_packet@23@@Z	vostok/network_core/tcp_packet_socket_inline.h	99.9	99.9	MATCH	statement_structure:MISMATCH;statement_line_geometry:MISMATCH	BASE_ONLY;TRGT_ONLY	Unchanged control; rerun whole-scope comparison. Existing residuals are not closed by this audit.
?send@tcp_packet_client@network@vostok@@QAEXABVtcp_packet@network_core@3@@Z	vostok/network/sources/tcp_packet_client.cpp	100	100	MATCH	none_reported	not_flagged_for_addressed_diff	Unchanged control; rerun whole-scope comparison. Existing residuals are not closed by this audit.
?send@tcp_packet_client@network_core@vostok@@QAEXABVtcp_packet@23@@Z	vostok/network_core/sources/tcp_packet_client.cpp	100	100	MATCH	none_reported	not_flagged_for_addressed_diff	Unchanged control; rerun whole-scope comparison. Existing residuals are not closed by this audit.
?send@udp_match_connection@network_core@vostok@@AAEXPAVudp_match_packet@23@@Z	vostok/network_core/sources/udp_match_connection.cpp	88.6613	88.6613	SIZE	statement_structure:MISMATCH;statement_line_geometry:MISMATCH	SIZE +0x16	Unchanged control; rerun whole-scope comparison. Existing residuals are not closed by this audit.
?send_packets_list@udp_match_connection@network_core@vostok@@AAEXPAVudp_match_packet@23@I@Z	vostok/network_core/sources/udp_match_connection.cpp	95.811	95.811	SIZE	statement_structure:MISMATCH;statement_line_geometry:MISMATCH	SIZE +0xc;SIZE -0x3;SIZE -0x1	Unchanged control; rerun whole-scope comparison. Existing residuals are not closed by this audit.
?send_queued_packets@match_client@network@vostok@@QAEXI@Z	vostok/network/sources/match_client.cpp	100	100	MATCH	none_reported	not_flagged_for_addressed_diff	Unchanged control; rerun whole-scope comparison. Existing residuals are not closed by this audit.
?send_queued_packets@match_client_impl@network@vostok@@QAEXI@Z	vostok/network/sources/match_client_impl.h	100	100	QUANTITY	statement_structure:MISMATCH;statement_files:MISMATCH;statement_line_geometry:MISMATCH	BASE_ONLY;BASE_ONLY	Unchanged control; rerun whole-scope comparison. Existing residuals are not closed by this audit.
?send_queued_packets@udp_match_client@network_core@vostok@@QAEXI@Z	vostok/network_core/sources/udp_match_client.cpp	100	100	MATCH	statement_structure:MISMATCH;statement_line_geometry:MISMATCH	projected_match	Unchanged control; rerun whole-scope comparison. Existing residuals are not closed by this audit.
?send_queued_packets@udp_match_connection@network_core@vostok@@QAEXI@Z	vostok/network_core/sources/udp_match_connection.cpp	97.5688	97.5688	SIZE	statement_structure:MISMATCH;statement_line_geometry:MISMATCH	SIZE -0x8;SIZE -0x1	Unchanged control; rerun whole-scope comparison. Existing residuals are not closed by this audit.
?server_browser_address@login_client@network@vostok@@QBEPBDXZ	vostok/network/sources/login_client.cpp	100	100	MATCH	none_reported	not_flagged_for_addressed_diff	Unchanged control; rerun whole-scope comparison. Existing residuals are not closed by this audit.
?server_browser_initial_query@login_client@network@vostok@@QBEPBDXZ	vostok/network/sources/login_client.cpp	100	100	MATCH	none_reported	not_flagged_for_addressed_diff	Unchanged control; rerun whole-scope comparison. Existing residuals are not closed by this audit.
?session_id@login_client@network@vostok@@QBEIXZ	vostok/network/sources/login_client.cpp	100	100	MATCH	none_reported	not_flagged_for_addressed_diff	Unchanged control; rerun whole-scope comparison. Existing residuals are not closed by this audit.
?set_on_connected@tcp_packet_client@network@vostok@@QAEXABV?$function@$$A6AXXZ@boost@@@Z	vostok/network/sources/tcp_packet_client.cpp	100	100	MATCH	none_reported	not_flagged_for_addressed_diff	Unchanged control; rerun whole-scope comparison. Existing residuals are not closed by this audit.
?set_on_disconnected@tcp_packet_client@network@vostok@@QAEXABV?$function@$$A6AXXZ@boost@@@Z	vostok/network/sources/tcp_packet_client.cpp	100	100	MATCH	none_reported	not_flagged_for_addressed_diff	Unchanged control; rerun whole-scope comparison. Existing residuals are not closed by this audit.
?set_on_error@http_client@network_core@vostok@@QAEXABV?$function@$$A6AXVerror_code@system@boost@@@Z@boost@@@Z	vostok/network_core/http_client.h	-	100	-	presence:TARGET_ONLY	not_flagged_for_addressed_diff	Unchanged control; rerun whole-scope comparison. Existing residuals are not closed by this audit.
?set_on_error@tcp_packet_client@network@vostok@@QAEXABV?$function@$$A6AXW4client_error_codes_enum@network_core@vostok@@Verror_code@system@boost@@@Z@boost@@@Z	vostok/network/sources/tcp_packet_client.cpp	12.3846	12.3846	SIZE	statement_structure:MISMATCH	SIZE +0x23	Unchanged control; rerun whole-scope comparison. Existing residuals are not closed by this audit.
?set_on_packet_received@match_client_impl@network@vostok@@QAEXABV?$function@$$A6AXEAAVpacket_reader@network_core@vostok@@@Z@boost@@@Z	vostok/network/sources/match_client_impl.cpp	100	100	MATCH	none_reported	not_flagged_for_addressed_diff	Unchanged control; rerun whole-scope comparison. Existing residuals are not closed by this audit.
?set_on_packet_received@tcp_packet_client@network@vostok@@QAEXABV?$function@$$A6AXAAVpacket_reader@network_core@vostok@@@Z@boost@@@Z	vostok/network/sources/tcp_packet_client.cpp	100	100	MATCH	none_reported	not_flagged_for_addressed_diff	Unchanged control; rerun whole-scope comparison. Existing residuals are not closed by this audit.
?sign_in@login_client@network@vostok@@QAEXPBDG00ABV?$function@$$A6AXW4connection_error_types_enum@vostok@@W4handshaking_error_types_enum@2@W4socket_error_types_enum@2@W4login_server_message_types_enum@2@@Z@boost@@@Z	vostok/network/sources/login_client.cpp	75.1571	75.1571	SIZE	statement_structure:MISMATCH;statement_line_geometry:MISMATCH	SIZE +0x1b;SIZE -0x34	Unchanged control; rerun whole-scope comparison. Existing residuals are not closed by this audit.
?sign_in@login_client_impl@network@vostok@@QAEXPBDG00ABV?$function@$$A6AXW4connection_error_types_enum@vostok@@W4handshaking_error_types_enum@2@W4socket_error_types_enum@2@W4login_server_message_types_enum@2@@Z@boost@@@Z	vostok/network/sources/login_client_impl_sign_in.cpp	95.2474	95.2474	SIZE	statement_structure:MISMATCH	SIZE +0x26;SIZE -0x1	Unchanged control; rerun whole-scope comparison. Existing residuals are not closed by this audit.
?sign_in_impl@login_client@network@vostok@@AAEXQBDG00@Z	vostok/network/sources/login_client.cpp	96.8806	100	MATCH	none_reported	not_flagged_for_addressed_diff	Unchanged control; rerun whole-scope comparison. Existing residuals are not closed by this audit.
?sign_in_on_connected@login_client_impl@network@vostok@@AAEXW4connection_error_types_enum@3@ABV?$function@$$A6AXW4connection_error_types_enum@vostok@@W4handshaking_error_types_enum@2@W4socket_error_types_enum@2@W4login_server_message_types_enum@2@@Z@boost@@@Z	vostok/network/sources/login_client_impl_sign_in.cpp	77.6519	93.3481	SIZE	statement_structure:MISMATCH	SIZE +0x3d;SIZE +0x1;SIZE +0x1;SIZE +0x8;SIZE +0x15	Unchanged control; rerun whole-scope comparison. Existing residuals are not closed by this audit.
?sign_out@login_client@network@vostok@@QAEXABV?$function@$$A6AXW4connection_error_types_enum@vostok@@W4handshaking_error_types_enum@2@W4socket_error_types_enum@2@W4login_server_message_types_enum@2@@Z@boost@@@Z	vostok/network/sources/login_client.cpp	80.6	82.3391	SIZE	statement_structure:MISMATCH;statement_line_geometry:MISMATCH	SIZE +0x29;SIZE +0x2a	Unchanged control; rerun whole-scope comparison. Existing residuals are not closed by this audit.
?sign_out@login_client_impl@network@vostok@@QAEXABV?$function@$$A6AXW4connection_error_types_enum@vostok@@W4handshaking_error_types_enum@2@W4socket_error_types_enum@2@W4login_server_message_types_enum@2@@Z@boost@@@Z	vostok/network/sources/login_client_impl_sign_out.cpp	93.6299	93.6299	SIZE	statement_structure:MISMATCH	SIZE +0x26;SIZE +0x1;SIZE +0x1;SIZE -0x1	Unchanged control; rerun whole-scope comparison. Existing residuals are not closed by this audit.
?sign_out_on_connected@login_client_impl@network@vostok@@AAEXW4connection_error_types_enum@3@ABV?$function@$$A6AXW4connection_error_types_enum@vostok@@W4handshaking_error_types_enum@2@W4socket_error_types_enum@2@W4login_server_message_types_enum@2@@Z@boost@@@Z	vostok/network/sources/login_client_impl_sign_out.cpp	78.9597	94.9597	SIZE	statement_structure:MISMATCH	SIZE +0x3d;SIZE +0x1;SIZE +0x16	Unchanged control; rerun whole-scope comparison. Existing residuals are not closed by this audit.
?sign_up@login_client_impl@network@vostok@@QAEXPBDGABUsign_up_info@3@ABV?$function@$$A6AXW4connection_error_types_enum@vostok@@W4handshaking_error_types_enum@2@W4socket_error_types_enum@2@W4login_server_message_types_enum@2@ABUsign_up_info@2@@Z@boost@@@Z	vostok/network/sources/login_client_impl_sign_up.cpp	84.3929	84.3929	SIZE	statement_structure:MISMATCH	SIZE +0x11	Unchanged control; rerun whole-scope comparison. Existing residuals are not closed by this audit.
?sign_up_on_connected@login_client_impl@network@vostok@@AAEXW4connection_error_types_enum@3@ABV?$function@$$A6AXW4connection_error_types_enum@vostok@@W4handshaking_error_types_enum@2@W4socket_error_types_enum@2@W4login_server_message_types_enum@2@ABUsign_up_info@2@@Z@boost@@ABUsign_up_info@3@@Z	vostok/network/sources/login_client_impl_sign_up.cpp	90.6621	90.6621	SIZE	statement_structure:MISMATCH	SIZE +0x15	Unchanged control; rerun whole-scope comparison. Existing residuals are not closed by this audit.
?sign_up_on_handshaked@login_client_impl@network@vostok@@AAEXABV?$function@$$A6AXW4connection_error_types_enum@vostok@@W4handshaking_error_types_enum@2@W4socket_error_types_enum@2@W4login_server_message_types_enum@2@ABUsign_up_info@2@@Z@boost@@ABUsign_up_info@3@W4handshaking_error_types_enum@3@@Z	vostok/network/sources/login_client_impl_sign_up.cpp	91.776	91.776	SIZE	statement_structure:MISMATCH	SIZE +0x15	Unchanged control; rerun whole-scope comparison. Existing residuals are not closed by this audit.
?size_to_eof@packet_reader@network_core@vostok@@QBEIXZ	vostok/network_core/packet_reader_inline.h	100	100	MATCH	none_reported	not_flagged_for_addressed_diff	Unchanged control; rerun whole-scope comparison. Existing residuals are not closed by this audit.
?start_reading@tcp_packet_client@network_core@vostok@@AAEXXZ	vostok/network_core/sources/tcp_packet_client.cpp	100	100	MATCH	none_reported	not_flagged_for_addressed_diff	Unchanged control; rerun whole-scope comparison. Existing residuals are not closed by this audit.
?start_receiving@?$tcp_packet_socket@V?$basic_stream_socket@Vtcp@ip@asio@boost@@V?$stream_socket_service@Vtcp@ip@asio@boost@@@34@@asio@boost@@@network_core@vostok@@QAEXXZ	vostok/network_core/tcp_packet_socket_inline.h	87.25	87.25	SIZE	statement_structure:MISMATCH	SIZE +0x12	Unchanged control; rerun whole-scope comparison. Existing residuals are not closed by this audit.
?start_receiving@udp_match_client@network_core@vostok@@AAEXXZ	vostok/network_core/sources/udp_match_client.cpp	90.8235	90.8235	SIZE	statement_structure:MISMATCH;statement_line_geometry:MISMATCH	SIZE +0x12	Unchanged control; rerun whole-scope comparison. Existing residuals are not closed by this audit.
?stop_receiving@?$tcp_packet_socket@V?$basic_stream_socket@Vtcp@ip@asio@boost@@V?$stream_socket_service@Vtcp@ip@asio@boost@@@34@@asio@boost@@@network_core@vostok@@QAEXXZ	vostok/network_core/tcp_packet_socket_inline.h	99.8077	99.8077	SIZE	statement_structure:MISMATCH	SIZE +0x9	Unchanged control; rerun whole-scope comparison. Existing residuals are not closed by this audit.
?store_user_password_in_settings@login_client@network@vostok@@QAEXXZ	vostok/network/sources/login_client.cpp	99.7692	99.7692	MATCH	none_reported	not_flagged_for_addressed_diff	Unchanged control; rerun whole-scope comparison. Existing residuals are not closed by this audit.
?tick@network_world@network@vostok@@UAEX_N@Z	vostok/network/sources/network_world.cpp	100	100	MATCH	none_reported	not_flagged_for_addressed_diff	Unchanged control; rerun whole-scope comparison. Existing residuals are not closed by this audit.
?tick@udp_network_flow_emulator@network_core@vostok@@QAEXIABV?$function@$$A6AXAAVpacket_reader@network_core@vostok@@ABV?$basic_endpoint@Vudp@ip@asio@boost@@@ip@asio@boost@@@Z@boost@@@Z	vostok/network_core/sources/udp_network_flow_emulator.cpp	99.8894	99.8894	MATCH	statement_structure:MISMATCH;statement_line_geometry:MISMATCH	projected_match	Unchanged control; rerun whole-scope comparison. Existing residuals are not closed by this audit.
?update_acknowledgements@udp_match_connection@network_core@vostok@@AAEXV?$sequence_number@G@23@0G@Z	vostok/network_core/sources/udp_match_connection.cpp	100	100	MATCH	statement_line_geometry:MISMATCH	not_flagged_for_addressed_diff	Unchanged control; rerun whole-scope comparison. Existing residuals are not closed by this audit.
?verify_ssl_certificate@login_client_impl@network@vostok@@AAE_N_NAAVverify_context@ssl@asio@boost@@@Z	vostok/network/sources/login_client_impl.cpp	100	100	MATCH	none_reported	not_flagged_for_addressed_diff	Unchanged control; rerun whole-scope comparison. Existing residuals are not closed by this audit.
`dynamic initializer for 's_net_client_account_name_cc''	vostok/network/sources/login_client.cpp	-	100	MATCH	none_reported	not_flagged_for_addressed_diff	Unchanged control; rerun whole-scope comparison. Existing residuals are not closed by this audit.
`dynamic initializer for 's_net_client_account_password_cc''	vostok/network/sources/login_client.cpp	-	100	MATCH	none_reported	not_flagged_for_addressed_diff	Unchanged control; rerun whole-scope comparison. Existing residuals are not closed by this audit.
destroy_client	vostok/network/sources/login_client.cpp	90.8333	90.8333	SIZE	statement_structure:MISMATCH	selection_requires_rva	Unchanged control; rerun whole-scope comparison. Existing residuals are not closed by this audit.
destroy_client@@pdb-overload:6b7060be47b7868a	vostok/network/sources/tcp_packet_client.cpp	90.8333	90.8333	SIZE	none_reported	not_flagged_for_addressed_diff	Unchanged control; rerun whole-scope comparison. Existing residuals are not closed by this audit.
empty_function	vostok/network/sources/network_world.cpp	100	100	MATCH	none_reported	not_flagged_for_addressed_diff	Unchanged control; rerun whole-scope comparison. Existing residuals are not closed by this audit.
enqueue_impl	vostok/network/sources/match_client.cpp	100	100	MATCH	none_reported	not_flagged_for_addressed_diff	Unchanged control; rerun whole-scope comparison. Existing residuals are not closed by this audit.
vostok::network::destroy_http_client	vostok/network/sources/http_client.cpp	90.8333	90.8333	SIZE	statement_structure:MISMATCH	SIZE +0x4	Unchanged control; rerun whole-scope comparison. Existing residuals are not closed by this audit.
